<?xml version="1.0" encoding="UTF-8"?>
<project-private xmlns="http://www.netbeans.org/ns/project-private/1">
    <editor-bookmarks xmlns="http://www.netbeans.org/ns/editor-bookmarks/2" lastBookmarkId="0"/>
    <open-files xmlns="http://www.netbeans.org/ns/projectui-open-files/2">
        <group>
            <file>file:/C:/Users/snow_/OneDrive/Belgeler/NetBeansProjects/edede/src/edede/Neuron.java</file>
            <file>file:/C:/Users/snow_/OneDrive/Belgeler/NetBeansProjects/edede/src/edede/SigmoidActivation.java</file>
            <file>file:/C:/Users/snow_/OneDrive/Belgeler/NetBeansProjects/edede/src/edede/Edede.java</file>
            <file>file:/C:/Users/snow_/OneDrive/Belgeler/NetBeansProjects/edede/src/edede/IActivation.java</file>
            <file>file:/C:/Users/snow_/OneDrive/Belgeler/NetBeansProjects/edede/src/edede/NN.java</file>
        </group>
    </open-files>
</project-private>
